{"cameraMode":{"drawMode":0,"name":"Shaded","section":"Shading Mode"},"sceneLighting":true,"audioPlay":false,"sceneViewState":{"m_AlwaysRefresh":false,"showFog":true,"showSkybox":true,"showFlares":true,"showImageEffects":true,"showParticleSystems":true,"showVisualEffectGraphs":true,"m_FxEnabled":true},"in2DMode":false,"pivot":{"x":712.4384155273438,"y":160.73861694335938,"z":797.421142578125},"rotation":{"x":0.35832107067108157,"y":-0.07778607308864594,"z":0.029759027063846589,"w":0.9298189878463745},"size":0.8660253882408142,"orthographic":false}